StartDate,EndDate,FirstTicket,LastTicket,ZenOrgId
2018-08-01,2019-08-01,,,33610008
2017-08-01,2018-07-31,,,14012927727
2017-08-01,2018-07-31,,,15487018588
2018-03-08,2019-03-08,,,360029307272
2018-02-13,2019-02-12,,,360025126531
2018-06-08,2018-07-23,46273,46966,8359913647
2018-07-24,2019-07-23,47146,,8359913647
2017-11-01,2018-10-31,,,37582558
2018-06-28,2019-06-28,,,36589723
2017-09-01,2018-08-31,,,10847387908
2017-12-18,2018-12-17,,,14011121887
2018-05-08,2019-05-07,,,115357166832
2018-05-01,2019-04-30,,,36388226
2018-07-31,2019-07-30,,,360098271031
2018-04-16,2019-04-15,,,15334689548
2017-12-15,2018-12-14,,,360024278871
2018-03-01,2019-02-28,,,10413093488
2018-05-15,2019-05-14,,,3308949468
2018-06-01,2019-05-31,,,32053553
2018-08-29,2019-08-28,,,360113266532
2018-07-01,2019-06-30,,,8476115308
2018-05-01,2019-04-30,,,39836957
2018-06-25,2019-06-24,,,3466999257
2018-05-17,2019-05-16,,,1937660248
2017-12-29,2018-12-28,,,360025985352
2018-08-29,2019-08-28,,,360114826791
2017-06-01,2018-05-31,,,7708953168
2017-08-01,2018-07-31,,,114114985311
2018-07-19,2019-07-18,,,14394827788
2018-05-01,2019-04-30,,,37641673
2018-08-27,2019-08-26,,,360113435911
2017-10-29,2018-10-28,,,114280905272
2017-08-03,2018-08-02,,,114111012651
2017-07-01,2018-06-30,,,1748701367
2018-06-26,2019-06-25,,,15013500547
2017-08-18,2018-08-17,,,15376495748
2018-07-01,2019-06-30,,,32521107
2017-12-01,2018-11-30,,,32521117
2017-07-15,2018-07-14,,,35044617
2017-10-01,2018-09-30,,,257032858
2018-07-01,2019-06-30,,,785750818
2017-12-01,2018-11-30,,,37578088
2017-07-28,2018-07-28,,,114109557251
2018-01-01,2019-01-01,,,6872649767
2018-03-28,2019-03-27,,,15423793588
2018-05-15,2019-05-14,,,33595046
2018-06-01,2019-05-31,,,8302808608
2018-05-01,2019-04-30,,,962298588
2018-08-01,2019-07-31,,,329505088
2018-06-22,2019-06-21,,,255552708
2018-05-10,2019-05-09,,,360061170492
2017-12-27,2018-12-26,,,14128405748
2018-06-01,2019-05-31,,,3054429228
2017-12-19,2018-12-18,,,6404532767
2018-06-01,2019-05-31,,,22110597
2018-05-22,2019-05-21,,,32521177
2018-04-05,2019-04-04,,,32521187
2018-07-01,2019-06-30,,,276410497
2018-06-01,2019-05-31,,,5496889648
2017-12-01,2018-11-30,,,14301972647
2018-05-21,2019-05-20,,,360061242612
2017-08-01,2018-07-31,,,38205907
2018-03-01,2018-12-31,,,32519457
2018-09-01,2018-11-30,,,31976746
2018-08-02,2018-12-01,,,368101664772
2018-02-15,2019-02-14,,,2429934017
2017-10-01,2018-09-30,,,31976776
2017-08-01,2018-07-31,,,257090758
2018-03-15,2019-03-14,,,34501487
2018-01-01,2018-12-31,,,32053623
2018-01-01,2018-12-31,,,1828696798
2017-08-01,2018-07-31,,,34757063
2017-12-15,2018-12-14,,,360025230011
2017-12-01,2018-11-30,,,38098817
2017-11-01,2018-10-31,,,39019056
2017-12-01,2018-11-30,,,93256828
